Variable,VIF
bedrooms,2.499115353128646
accommodates,2.499107037901301
number_of_reviews,1.007734024758459
review_scores_rating,1.007483989489431
